TRUMP,CLINTON,JOHNSON,precinct,county,voters_16,ballots_16,turnout_16
173,1898,97,01A,Fulton,2714,2221,81.83
243,2304,125,01B,Fulton,3337,2748,82.35
19,580,13,01C,Fulton,1120,620,55.36
23,268,6,01D,Fulton,430,307,71.4
283,2932,144,01E,Fulton,4652,3462,74.42
16,443,11,01F,Fulton,981,482,49.13
20,378,10,01H,Fulton,661,419,63.39
41,1159,35,01J,Fulton,2030,1265,62.32
17,577,11,01P,Fulton,1000,615,61.5
7,564,7,01R,Fulton,1107,581,52.48
25,801,10,01S,Fulton,1391,848,60.96
49,695,20,01T,Fulton,1196,785,65.64
455,1814,133,02A,Fulton,3211,2450,76.3
178,1048,32,02B,Fulton,2895,1294,44.7
90,1121,48,02C,Fulton,1725,1295,75.07
239,2177,113,02D,Fulton,3582,2591,72.33
154,1215,60,02E,Fulton,1733,1466,84.59
216,1704,107,02F1,Fulton,2589,2080,80.34
47,420,19,02F2,Fulton,669,491,73.39
247,1968,105,02G,Fulton,2959,2375,80.26
220,1844,94,02J,Fulton,1934,2219,114.74
120,819,57,02K,Fulton,1246,1027,82.42
552,2965,198,02L1,Fulton,4934,3790,76.81
130,575,28,02L2,Fulton,971,746,76.83
30,394,13,02S,Fulton,620,447,72.1
52,219,25,02W,Fulton,422,301,71.33
22,763,5,03A,Fulton,1673,803,48
2,203,2,03B,Fulton,494,208,42.11
14,738,10,03C,Fulton,1294,780,60.28
10,391,6,03D,Fulton,837,416,49.7
40,885,16,03E,Fulton,1776,961,54.11
174,933,72,03F,Fulton,1647,1203,73.04
6,302,6,03G,Fulton,602,327,54.32
9,384,12,03H,Fulton,770,416,54.03
123,657,83,03I,Fulton,1394,901,64.63
10,204,2,03L,Fulton,478,219,45.82
87,337,38,03M,Fulton,663,478,72.1
35,881,27,03N,Fulton,1860,960,51.61
243,1592,116,03P1A,Fulton,3011,2017,66.99
1,21,0,03P2,Fulton,26,22,84.62
7,338,6,03S,Fulton,600,354,59
32,718,17,03T,Fulton,1320,783,59.32
11,493,12,04A,Fulton,981,530,54.03
23,941,11,04B,Fulton,1924,997,51.82
0,64,0,04C,Fulton,111,64,57.66
17,710,4,04D,Fulton,1239,745,60.13
77,853,28,04F,Fulton,1792,976,54.46
8,306,7,04G,Fulton,667,326,48.88
52,504,19,04I,Fulton,2328,594,25.52
5,412,4,04J,Fulton,1113,437,39.26
34,1138,21,04K,Fulton,1952,1231,63.06
28,740,24,04L,Fulton,1296,813,62.73
8,319,3,04M,Fulton,637,335,52.59
23,1119,15,04S,Fulton,1820,1175,64.56
9,540,6,04T,Fulton,922,563,61.06
20,1201,17,04V,Fulton,2264,1259,55.61
9,705,10,04W,Fulton,1696,739,43.57
28,923,20,04X1,Fulton,1525,995,65.25
8,318,11,04X2,Fulton,608,350,57.57
147,1465,83,05A1,Fulton,2154,1738,80.69
121,1502,61,05A2,Fulton,2209,1720,77.86
55,852,37,05B,Fulton,1475,961,65.15
3,63,0,05C,Fulton,135,71,52.59
8,117,3,05D,Fulton,312,135,43.27
7,71,2,05F,Fulton,104,81,77.88
47,350,21,05J,Fulton,527,422,80.08
85,1255,55,05K,Fulton,2203,1423,64.59
197,1012,69,06B,Fulton,1603,1316,82.1
1152,4561,255,06D,Fulton,7478,6130,81.97
253,1216,53,06E,Fulton,1961,1555,79.3
281,1455,107,06F,Fulton,2381,1895,79.59
53,307,13,06G,Fulton,464,383,82.54
233,1448,83,06I,Fulton,2553,1820,71.29
303,1488,92,06J,Fulton,2271,1939,85.38
145,497,28,06L1,Fulton,827,697,84.28
132,338,15,06L2,Fulton,599,503,83.97
342,794,66,06N,Fulton,1704,1242,72.89
35,243,10,06Q,Fulton,429,296,69
211,885,40,06R,Fulton,1515,1172,77.36
1752,2123,209,07A,Fulton,5418,4201,77.54
1149,899,101,07B,Fulton,2599,2218,85.34
1151,1306,88,07C,Fulton,3351,2619,78.16
992,1289,143,07D,Fulton,3269,2489,76.14
431,900,61,07E,Fulton,1748,1423,81.41
790,1103,91,07F,Fulton,2570,2048,79.69
589,775,51,07H,Fulton,1790,1480,82.68
612,1129,141,07J,Fulton,2359,1954,82.83
438,777,84,07M,Fulton,1851,1333,72.02
190,795,54,07N,Fulton,1561,1063,68.1
944,931,79,08A,Fulton,2482,2018,81.31
1221,982,123,08B,Fulton,2895,2394,82.69
607,328,45,08C,Fulton,1254,1007,80.3
436,283,33,08D,Fulton,947,787,83.1
966,842,84,08E,Fulton,2312,1971,85.25
879,612,88,08F1,Fulton,1921,1641,85.42
673,932,60,08G,Fulton,2464,1716,69.64
831,849,74,08H,Fulton,2211,1843,83.36
855,1049,118,08J,Fulton,2441,2143,87.79
260,397,64,08K,Fulton,924,754,81.6
751,1688,182,08L,Fulton,3357,2692,80.19
693,558,43,08M,Fulton,1583,1352,85.41
313,232,32,08N1,Fulton,711,603,84.81
402,500,22,08N2,Fulton,1143,961,84.08
168,633,50,08P,Fulton,1195,871,72.89
465,1504,138,09A,Fulton,2755,2189,79.46
6,197,2,09B,Fulton,318,205,64.47
33,1552,24,09C,Fulton,2433,1640,67.41
19,910,10,09D,Fulton,1604,949,59.16
49,1222,35,09E,Fulton,2095,1331,63.53
969,1489,177,09F,Fulton,3202,2722,85.01
399,1480,120,09G,Fulton,2681,2081,77.62
85,466,27,09H,Fulton,837,603,72.04
10,518,5,09I,Fulton,1073,544,50.7
59,1919,30,09K,Fulton,3588,2028,56.52
288,993,114,09M,Fulton,1726,1455,84.3
29,1713,25,10A,Fulton,2418,1792,74.11
56,2514,32,10B,Fulton,3368,2650,78.68
15,1259,9,10C,Fulton,2113,1305,61.76
53,2057,16,10D,Fulton,3555,2149,60.45
8,545,9,10E,Fulton,817,569,69.65
18,600,7,10F,Fulton,901,634,70.37
21,819,2,10G,Fulton,1109,859,77.46
3,214,3,10H1,Fulton,333,227,68.17
31,1095,23,10H2,Fulton,1882,1165,61.9
10,242,5,10I,Fulton,306,262,85.62
13,437,6,10J,Fulton,797,463,58.09
32,842,11,10K,Fulton,1213,901,74.28
31,1233,20,10M,Fulton,2075,1322,63.71
17,715,11,10P,Fulton,1149,750,65.27
8,367,5,10R,Fulton,595,388,65.21
64,3038,37,11B,Fulton,4347,3181,73.18
33,1883,18,11C,Fulton,2494,1957,78.47
16,617,12,11E1,Fulton,967,659,68.15
6,496,7,11E2,Fulton,719,515,71.63
38,1711,23,11E3,Fulton,2570,1798,69.96
19,972,14,11G,Fulton,1840,1021,55.49
12,347,4,11H,Fulton,548,369,67.34
28,993,6,11J,Fulton,1575,1045,66.35
27,1079,18,11K,Fulton,1526,1139,74.64
29,1574,18,11M,Fulton,2554,1652,64.68
30,1389,15,11N,Fulton,1931,1461,75.66
18,1013,14,11P,Fulton,1574,1064,67.6
16,768,7,11R,Fulton,1523,804,52.79
111,2389,65,12A,Fulton,3914,2646,67.6
11,579,9,12D,Fulton,1048,606,57.82
26,574,8,12E1,Fulton,1293,619,47.87
10,437,9,12F,Fulton,781,463,59.28
27,424,9,12G,Fulton,689,462,67.05
45,1664,22,12H,Fulton,2931,1763,60.15
7,425,4,12I,Fulton,812,444,54.68
26,1201,19,12J,Fulton,2139,1263,59.05
65,1299,36,12K,Fulton,2446,1444,59.04
5,252,0,12L,Fulton,471,259,54.99
30,1243,12,12M,Fulton,2073,1296,62.52
8,359,6,12N,Fulton,729,381,52.26
19,908,12,12S,Fulton,1474,960,65.13
732,587,44,AP01A,Fulton,1739,1393,80.1
203,247,30,AP01B,Fulton,685,492,71.82
831,655,84,AP01C,Fulton,1952,1608,82.38
222,293,29,AP01D,Fulton,713,554,77.7
122,109,7,AP02B,Fulton,352,246,69.89
96,298,12,AP03,Fulton,619,417,67.37
731,439,59,AP04A,Fulton,1472,1252,85.05
165,137,16,AP04B,Fulton,364,322,88.46
1793,1275,111,AP05,Fulton,3956,3257,82.33
735,485,82,AP06,Fulton,1647,1340,81.36
1091,962,116,AP07A,Fulton,2853,2225,77.99
604,463,46,AP07B,Fulton,1353,1146,84.7
1366,1324,135,AP09A,Fulton,3612,2914,80.68
224,300,20,AP09B,Fulton,681,562,82.53
1010,879,118,AP021,Fulton,2491,2089,83.86
677,706,77,AP022,Fulton,1860,1490,80.11
421,249,38,AP10,Fulton,866,729,84.18
141,257,15,AP12A,Fulton,548,420,76.64
118,255,14,AP12B,Fulton,529,390,73.72
472,353,33,AP12C,Fulton,1116,874,78.32
915,838,55,AP13,Fulton,2248,1847,82.16
1078,942,128,AP14,Fulton,2643,2213,83.73
44,107,6,CH01,Fulton,225,160,71.11
182,135,3,CH02,Fulton,396,322,81.31
160,75,10,CH03,Fulton,288,246,85.42
204,185,14,CH04A,Fulton,474,407,85.86
211,49,13,CH05,Fulton,341,280,82.11
73,157,9,CP01B,Fulton,332,243,73.19
126,529,23,CP011,Fulton,950,693,72.95
163,590,29,CP012,Fulton,1043,799,76.61
73,445,26,CP02,Fulton,840,560,66.67
2,23,0,CP04,Fulton,59,26,44.07
1,57,1,CP05B,Fulton,101,60,59.41
39,877,10,CP051,Fulton,1439,939,65.25
12,213,2,CP06A,Fulton,432,232,53.7
10,441,10,CP07A,Fulton,1002,468,46.71
4,133,2,CP081,Fulton,328,145,44.21
1,83,1,CP083,Fulton,239,85,35.56
4,209,3,CP08A,Fulton,514,222,43.19
266,2572,70,EP01,Fulton,4426,2974,67.19
275,2634,75,EP02,Fulton,4569,3041,66.56
173,3314,63,EP03,Fulton,4894,3623,74.03
84,2549,25,EP04-05,Fulton,4275,2688,62.88
17,1021,11,EP04-13,Fulton,1474,1069,72.52
598,4191,86,FA01A,Fulton,6522,4946,75.84
20,358,6,FA01B,Fulton,524,392,74.81
495,1205,70,HP01,Fulton,2537,1823,71.86
1322,1870,120,JC01,Fulton,4228,3377,79.87
697,722,35,JC02,Fulton,1836,1477,80.45
199,196,17,JC03A,Fulton,473,421,89.01
373,549,38,JC03B,Fulton,1224,985,80.47
1381,1410,151,JC04A,Fulton,3649,3043,83.39
74,91,9,JC04B,Fulton,230,178,77.39
651,736,81,JC05,Fulton,1864,1503,80.63
1025,713,55,JC06,Fulton,2350,1835,78.09
1207,1390,107,JC07,Fulton,3463,2762,79.76
964,872,110,JC08,Fulton,2395,1989,83.05
806,1059,89,JC09,Fulton,2502,1999,79.9
619,800,69,JC10,Fulton,1921,1524,79.33
1224,897,77,JC11,Fulton,2794,2278,81.53
1177,579,41,JC12,Fulton,2197,1836,83.57
1011,449,61,JC13A,Fulton,1898,1560,82.19
153,38,9,JC13B,Fulton,259,210,81.08
1000,708,60,JC14,Fulton,2197,1825,83.07
202,294,29,JC15,Fulton,676,535,79.14
907,802,102,JC16,Fulton,2195,1862,84.83
1100,791,100,JC18,Fulton,2455,2049,83.46
1239,1251,143,JC19,Fulton,3221,2701,83.86
985,627,87,ML011,Fulton,2050,1740,84.88
232,103,12,ML012,Fulton,430,352,81.86
37,19,3,ML01B,Fulton,70,60,85.71
938,300,65,ML021,Fulton,1627,1331,81.81
104,35,17,ML022,Fulton,204,162,79.41
716,266,49,ML023,Fulton,1281,1050,81.97
57,16,3,ML024,Fulton,88,78,88.64
1799,755,131,ML03,Fulton,3312,2755,83.18
738,433,61,ML04A,Fulton,1528,1254,82.07
571,250,36,ML04B,Fulton,1061,882,83.13
52,18,1,ML04C,Fulton,74,72,97.3
14,18,0,ML05A,Fulton,35,33,94.29
185,84,4,ML05B,Fulton,329,279,84.8
1414,1243,116,ML05C,Fulton,3503,2826,80.67
367,687,46,ML06A,Fulton,1514,1132,74.77
710,1032,92,ML06B,Fulton,2340,1875,80.13
45,32,3,ML071,Fulton,84,80,95.24
546,220,30,ML072,Fulton,952,818,85.92
330,139,21,ML07A,Fulton,615,505,82.11
151,161,20,MP01,Fulton,408,339,83.09
390,1077,33,PA01,Fulton,2057,1517,73.75
2034,1253,145,RW01,Fulton,4176,3541,84.79
1450,1232,173,RW02,Fulton,3443,2924,84.93
1189,1445,150,RW03,Fulton,3605,2858,79.28
674,599,86,RW04,Fulton,1634,1396,85.43
424,710,72,RW05,Fulton,1739,1233,70.9
921,936,104,RW06,Fulton,2459,2025,82.35
111,532,40,RW07A,Fulton,1110,706,63.6
63,170,11,RW07B,Fulton,317,252,79.5
960,527,78,RW08,Fulton,1955,1618,82.76
2761,1404,190,RW09,Fulton,5303,4498,84.82
1361,935,123,RW10,Fulton,2944,2504,85.05
819,830,105,RW11A,Fulton,2250,1810,80.44
2555,1627,192,RW12,Fulton,5256,4505,85.71
1286,1061,158,RW13,Fulton,3127,2592,82.89
747,560,54,RW16,Fulton,1641,1381,84.16
660,972,110,RW17,Fulton,2351,1800,76.56
858,569,76,RW19,Fulton,1834,1550,84.51
1039,869,92,RW20,Fulton,2224,2068,92.99
1327,819,112,RW21,Fulton,2833,2336,82.46
940,1401,143,RW22A,Fulton,3384,2539,75.03
86,2710,27,SC01B,Fulton,3501,2871,82.01
20,625,9,SC02,Fulton,780,665,85.26
222,395,11,SC04,Fulton,797,644,80.8
9,424,13,SC05A,Fulton,542,453,83.58
67,2018,32,SC05B,Fulton,2699,2141,79.33
135,1500,25,SC05D,Fulton,2122,1689,79.59
350,3071,43,SC07A,Fulton,4442,3523,79.31
63,1915,38,SC08B,Fulton,2742,2048,74.69
0,56,1,SC08C,Fulton,62,58,93.55
7,316,6,SC08D,Fulton,433,337,77.83
1,274,6,SC08E,Fulton,373,287,76.94
19,361,6,SC08F,Fulton,593,393,66.27
0,2,0,SC08G,Fulton,15,2,13.33
81,1752,25,SC09A,Fulton,2725,1899,69.69
33,1038,19,SC09B,Fulton,1392,1102,79.17
27,784,14,SC10,Fulton,1436,843,58.7
23,828,8,SC11A,Fulton,1183,869,73.46
24,930,12,SC11B,Fulton,1325,979,73.89
85,1479,13,SC13,Fulton,2041,1606,78.69
18,528,7,SC14,Fulton,1079,566,52.46
168,3905,64,SC15,Fulton,5207,4198,80.62
63,2873,24,SC16,Fulton,3759,2988,79.49
0,35,0,SC17A,Fulton,48,36,75
28,647,9,SC17C,Fulton,954,695,72.85
11,305,5,SC18A,Fulton,429,329,76.69
101,3184,39,SC18B,Fulton,4047,3366,83.17
3,113,1,SC19A,Fulton,155,118,76.13
23,696,1,SC19B,Fulton,1102,730,66.24
30,744,8,SC211,Fulton,987,789,79.94
112,1744,31,SC212,Fulton,2557,1915,74.89
92,2951,34,SC23A,Fulton,4341,3115,71.76
8,294,1,SC23B,Fulton,407,311,76.41
40,1276,11,SC27,Fulton,1871,1349,72.1
51,1635,21,SC29A,Fulton,2352,1731,73.6
2,91,2,SC30A,Fulton,122,97,79.51
10,570,11,SC30B,Fulton,858,600,69.93
1278,852,90,SS01,Fulton,2698,2276,84.36
316,414,43,SS02A,Fulton,1017,801,78.76
197,539,43,SS02B,Fulton,1049,797,75.98
430,492,61,SS03,Fulton,1194,1015,85.01
675,1225,113,SS04,Fulton,2703,2071,76.62
657,652,66,SS05,Fulton,1629,1428,87.66
523,465,44,SS06,Fulton,1203,1064,88.45
361,265,29,SS07A,Fulton,821,678,82.58
152,180,28,SS07B,Fulton,456,370,81.14
234,246,18,SS07C,Fulton,686,511,74.49
266,502,39,SS08A,Fulton,1063,825,77.61
210,210,18,SS08B,Fulton,566,447,78.98
133,230,21,SS08C,Fulton,509,394,77.41
280,431,36,SS08D,Fulton,1001,771,77.02
1122,969,92,SS09A,Fulton,2713,2255,83.12
1266,1122,97,SS09B,Fulton,3068,2578,84.03
914,1383,124,SS11A,Fulton,3165,2497,78.89
224,489,42,SS11B,Fulton,1009,771,76.41
33,117,6,SS11C,Fulton,222,158,71.17
130,103,15,SS11D,Fulton,297,256,86.2
837,896,110,SS12,Fulton,2290,1896,82.79
462,487,49,SS13A,Fulton,1313,1037,78.98
237,303,24,SS13B,Fulton,777,580,74.65
578,390,54,SS14,Fulton,1205,1052,87.3
198,974,71,SS15A,Fulton,2011,1271,63.2
308,608,38,SS15B,Fulton,1318,972,73.75
834,655,75,SS16,Fulton,1886,1618,85.79
1169,1089,84,SS17,Fulton,3028,2421,79.95
247,226,15,SS18A,Fulton,578,503,87.02
98,78,7,SS18B,Fulton,213,187,87.79
447,1251,77,SS19A,Fulton,2527,1837,72.69
334,909,68,SS19B,Fulton,1842,1352,73.4
393,742,45,SS20,Fulton,1639,1209,73.76
655,983,55,SS22,Fulton,2337,1735,74.24
622,453,47,SS25,Fulton,1428,1170,81.93
332,1478,92,SS26,Fulton,2850,1956,68.63
681,966,86,SS29A,Fulton,2287,1777,77.7
333,382,22,SS31,Fulton,925,749,80.97
81,1698,40,UC01A,Fulton,2871,1850,64.44
3,204,5,UC01B,Fulton,342,218,63.74
2,69,2,UC01E,Fulton,86,75,87.21
167,3879,53,UC02A,Fulton,5657,4155,73.45
6,10,0,UC02B,Fulton,20,16,80
281,1019,25,UC031,Fulton,1960,1342,68.47
13,77,1,UC032,Fulton,128,95,74.22