"county","precinct","TRUMP","CLINTON","JOHNSON","voters_16","ballots_16","turnout_16","HANDEL","OSSOFF","voters_17","ballots_17","turnout_17","winner2016","winner2017","D2016","D2017","diff"
"Cobb","Addison 01",901,683,80,2085,1717,82.35,737,568,2184,1305,59.75,"Trump","Handel",56.88,56.48,-0.400000000000006
"Cobb","Bells Ferry 02",1043,797,122,2518,2006,79.67,805,679,2708,1484,54.8,"Trump","Handel",56.68,54.25,-2.43
"Cobb","Bells Ferry 03",2110,1362,225,4866,3803,78.15,1419,1056,5249,2478,47.21,"Trump","Handel",60.77,57.33,-3.44
"Cobb","Blackwell 01",876,769,101,2212,1780,80.47,689,632,2369,1322,55.8,"Trump","Handel",53.25,52.16,-1.09
"Cobb","Chattahoochee 01",785,2149,156,4413,3172,71.88,153,616,2528,770,30.46,"Clinton","Ossoff",26.76,19.9,-6.86
"Cobb","Chestnut Ridge 01",1412,812,110,2768,2390,86.34,1287,732,2866,2020,70.48,"Trump","Handel",63.49,63.74,0.25
"Cobb","Davis 01",805,502,73,1743,1419,81.41,634,449,1829,1083,59.21,"Trump","Handel",61.59,58.54,-3.05
"Cobb","Dickerson 01",1148,823,103,2537,2142,84.43,1053,719,2626,1772,67.48,"Trump","Handel",58.24,59.42,1.18
"Cobb","Dodgen 01",931,554,65,1851,1586,85.68,822,488,1927,1311,68.03,"Trump","Handel",62.69,62.75,0.0600000000000023
"Cobb","East Piedmont 01",696,737,70,1977,1533,77.54,132,54,310,186,60,"Clinton","Handel",48.57,70.97,22.4
"Cobb","Eastside 01",1232,835,95,2651,2234,84.27,1090,762,2781,1855,66.7,"Trump","Handel",59.6,58.86,-0.740000000000002
"Cobb","Eastside 02",1652,1117,152,3556,3028,85.15,1470,1020,3725,2492,66.9,"Trump","Handel",59.66,59.04,-0.619999999999997
"Cobb","Elizabeth 02",964,617,68,2031,1683,82.87,711,515,2171,1227,56.52,"Trump","Handel",60.97,57.99,-2.98
"Cobb","Elizabeth 03",1139,724,91,2369,1989,83.96,926,603,2479,1530,61.72,"Trump","Handel",61.14,60.56,-0.579999999999998
"Cobb","Elizabeth 04",710,931,101,2324,1796,77.28,538,728,2531,1267,50.06,"Clinton","Ossoff",43.27,42.5,-0.770000000000003
"Cobb","Elizabeth 05",1075,861,119,2561,2116,82.62,876,749,2667,1625,60.93,"Trump","Handel",55.53,53.91,-1.62
"Cobb","Fullers Park 01",1281,986,135,2953,2486,84.19,1148,856,3105,2007,64.64,"Trump","Handel",56.51,57.29,0.780000000000001
"Cobb","Garrison Mill 01",1119,761,90,2408,2018,83.8,973,693,2510,1667,66.41,"Trump","Handel",59.52,58.4,-1.12
"Cobb","Gritters 01",1473,962,153,3313,2651,80.02,1139,822,3564,1961,55.02,"Trump","Handel",60.49,58.08,-2.41
"Cobb","Hightower 01",1713,1149,196,3697,3130,84.66,1531,987,3848,2519,65.46,"Trump","Handel",59.85,60.8,0.949999999999996
"Cobb","Kell 01",842,462,102,1725,1433,83.07,603,428,1811,1031,56.93,"Trump","Handel",64.57,58.49,-6.07999999999999
"Cobb","Lassiter 01",1609,844,124,3148,2650,84.18,1311,727,3328,2039,61.27,"Trump","Handel",65.59,64.33,-1.26000000000001
"Cobb","Mabry 01",798,394,66,1519,1294,85.19,724,345,1573,1069,67.96,"Trump","Handel",66.95,67.73,0.780000000000001
"Cobb","Marietta 5A",383,1298,61,2112,1785,84.52,31,155,838,186,22.2,"Clinton","Ossoff",22.78,16.67,-6.11
"Cobb","Marietta 6A",309,914,66,1949,1323,67.88,80,183,766,263,34.33,"Clinton","Ossoff",25.27,30.42,5.15
"Cobb","Marietta 6B",915,930,80,2346,1977,84.27,704,768,2492,1473,59.11,"Clinton","Ossoff",49.59,47.83,-1.76000000000001
"Cobb","Marietta 7A",275,1222,52,2667,1590,59.62,82,132,581,214,36.83,"Clinton","Ossoff",18.37,38.32,19.95
"Cobb","McCleskey 01",753,442,52,1518,1286,84.72,649,400,1607,1050,65.34,"Trump","Handel",63.01,61.87,-1.14
"Cobb","Mount Bethel 01",1671,1177,152,3618,3078,85.07,1523,1010,3778,2534,67.07,"Trump","Handel",58.67,60.13,1.46
"Cobb","Mount Bethel 03",1182,959,74,2731,2263,82.86,1031,813,2876,1844,64.12,"Trump","Handel",55.21,55.91,0.699999999999996
"Cobb","Mount Bethel 04",1238,809,103,2681,2222,82.88,1113,712,2765,1826,66.04,"Trump","Handel",60.48,60.99,0.510000000000005
"Cobb","Murdock 01",1614,1039,173,3415,2934,85.92,1462,929,3635,2391,65.78,"Trump","Handel",60.84,61.15,0.309999999999995
"Cobb","Nicholson 01",977,571,87,2082,1666,80.02,719,483,2211,1203,54.41,"Trump","Handel",63.11,59.82,-3.29
"Cobb","Palmer 01",1043,588,101,2190,1776,81.1,411,193,1212,604,49.83,"Trump","Handel",63.95,68.05,4.09999999999999
"Cobb","Pope 01",1317,800,107,2711,2270,83.73,1070,733,2836,1803,63.58,"Trump","Handel",62.21,59.35,-2.86
"Cobb","Post Oak 01",1631,850,131,3181,2678,84.19,1393,715,3334,2108,63.23,"Trump","Handel",65.74,66.08,0.340000000000003
"Cobb","Powers Ferry 01",1102,965,118,2830,2257,79.75,28,33,142,61,42.96,"Trump","Ossoff",53.31,45.9,-7.41
"Cobb","Rocky Mount 01",1383,854,111,2886,2412,83.58,1118,722,3007,1842,61.26,"Trump","Handel",61.82,60.76,-1.06
"Cobb","Roswell 01",2293,1534,186,4798,4130,86.08,2042,1373,5010,3416,68.18,"Trump","Handel",59.92,59.8,-0.120000000000005
"Cobb","Roswell 02",1453,1043,143,3219,2729,84.78,1357,941,3402,2298,67.55,"Trump","Handel",58.21,59.05,0.839999999999996
"Cobb","Sandy Plains 01",1053,851,105,2476,2063,83.32,838,707,2593,1545,59.58,"Trump","Handel",55.3,54.24,-1.06
"Cobb","Sewell Mill 01",1272,979,110,2923,2425,82.96,1070,878,3054,1949,63.82,"Trump","Handel",56.51,54.93,-1.58
"Cobb","Sewell Mill 03",1213,1376,132,3761,2804,74.55,973,971,4129,1946,47.13,"Clinton","Handel",46.85,50.05,3.2
"Cobb","Shallowford Falls 01",1403,920,112,2942,2504,85.11,1269,821,3080,2090,67.86,"Trump","Handel",60.4,60.72,0.32
"Cobb","Simpson 01",768,537,58,1670,1401,83.89,634,463,1772,1097,61.91,"Trump","Handel",58.85,57.79,-1.06
"Cobb","Sope Creek 01",978,585,81,1953,1695,86.79,866,527,2011,1394,69.32,"Trump","Handel",62.57,62.17,-0.399999999999999
"Cobb","Sope Creek 02",1491,1364,150,3862,3103,80.35,1305,1000,4062,2306,56.77,"Trump","Handel",52.22,56.62,4.4
"Cobb","Sope Creek 03",1228,723,86,2533,2093,82.63,1057,613,2716,1671,61.52,"Trump","Handel",62.94,63.29,0.350000000000001
"Cobb","Timber Ridge 01",1002,768,88,2221,1919,86.4,933,658,2299,1591,69.2,"Trump","Handel",56.61,58.64,2.03
"Cobb","Willeo 01",1257,752,110,2528,2192,86.71,1096,672,2673,1768,66.14,"Trump","Handel",62.57,61.99,-0.579999999999998
"DeKalb","ASHFORD DUNWOODY RD",898,1088,111,2500,2153,86.12,833,931,2645,1767,66.81,"Clinton","Ossoff",45.22,47.22,2
"DeKalb","ASHFORD PARK ELEM",809,784,125,2053,1778,86.6,674,693,2207,1368,61.98,"Trump","Ossoff",50.78,49.31,-1.47
"DeKalb","ASHFORD PARKSIDE",956,1418,105,2991,2543,85.02,760,968,3227,1728,53.55,"Clinton","Ossoff",40.27,43.98,3.70999999999999
"DeKalb","AUSTIN",1065,786,90,2281,1997,87.55,1033,707,2356,1741,73.9,"Trump","Handel",57.54,59.37,1.83
"DeKalb","BRIARLAKE ELEM",487,709,58,1545,1317,85.24,443,691,1607,1134,70.57,"Clinton","Ossoff",40.72,39.07,-1.65
"DeKalb","BRIARWOOD",515,872,93,1918,1514,78.94,383,714,2098,1097,52.29,"Clinton","Ossoff",37.13,34.91,-2.22000000000001
"DeKalb","BROOKHAVEN",993,1169,142,2899,2378,82.03,746,933,3121,1679,53.8,"Clinton","Ossoff",45.93,44.43,-1.5
"DeKalb","CHAMBLEE",361,633,64,1402,1093,77.96,256,520,1534,778,50.72,"Clinton","Ossoff",36.32,32.99,-3.33
"DeKalb","CHAMBLEE 2",687,970,117,2212,1813,81.96,538,848,2380,1386,58.24,"Clinton","Ossoff",41.46,38.82,-2.64
"DeKalb","CHESNUT ELEM",417,934,58,1862,1442,77.44,344,702,2069,1047,50.6,"Clinton","Ossoff",30.87,32.89,2.02
"DeKalb","CROSS KEYS HIGH",483,783,89,1748,1396,79.86,330,557,1938,887,45.77,"Clinton","Ossoff",38.15,37.2,-0.949999999999996
"DeKalb","DORAVILLE NORTH",380,1080,66,2216,1555,70.17,272,801,2476,1073,43.34,"Clinton","Ossoff",26.03,25.35,-0.68
"DeKalb","DORAVILLE SOUTH",203,489,41,1010,750,74.26,151,392,1085,543,50.05,"Clinton","Ossoff",29.34,27.81,-1.53
"DeKalb","DRESDEN ELEM",726,1905,124,3844,2817,73.28,529,1466,4230,1997,47.21,"Clinton","Ossoff",27.59,26.52,-1.07
"DeKalb","DUNWOODY",723,1071,87,2468,1938,78.53,576,825,2701,1401,51.87,"Clinton","Ossoff",40.3,41.11,0.810000000000002
"DeKalb","DUNWOODY HIGH",768,664,68,1772,1567,88.43,747,597,1876,1344,71.64,"Trump","Handel",53.63,55.58,1.95
"DeKalb","DUNWOODY LIBRARY",1040,780,82,2234,1966,88,1029,678,2312,1707,73.83,"Trump","Handel",57.14,60.28,3.14
"DeKalb","EMBRY HILLS",509,790,75,1695,1413,83.36,456,693,1805,1150,63.71,"Clinton","Ossoff",39.18,39.69,0.509999999999998
"DeKalb","EVANSDALE ELEM",510,1224,77,2389,1867,78.15,483,958,2546,1442,56.64,"Clinton","Ossoff",29.41,33.52,4.11
"DeKalb","GEORGETOWN SQUARE",853,1305,110,3139,2335,74.39,649,883,3413,1534,44.95,"Clinton","Ossoff",39.53,42.36,2.83
"DeKalb","HAWTHORNE ELEM",591,1681,91,3166,2425,76.6,482,1200,3422,1682,49.15,"Clinton","Ossoff",26.01,28.66,2.65
"DeKalb","HENDERSON MILL ELEM",665,1313,94,2595,2128,82,575,1068,2790,1644,58.92,"Clinton","Ossoff",33.62,35,1.38
"DeKalb","HUNTLEY HILLS ELEM",503,1311,103,2560,1968,76.88,394,964,2827,1358,48.04,"Clinton","Ossoff",27.73,29.01,1.28
"DeKalb","KINGSLEY ELEM",1042,724,79,2208,1901,86.1,996,643,2292,1639,71.51,"Trump","Handel",59,60.77,1.77
"DeKalb","KITTREDGE ELEM",679,789,98,1884,1611,85.51,648,725,1961,1374,70.07,"Clinton","Ossoff",46.25,47.2,0.950000000000003
"DeKalb","LAKESIDE HIGH",813,1393,100,2760,2383,86.34,769,1242,2901,2011,69.32,"Clinton","Ossoff",36.85,38.24,1.39
"DeKalb","LIVSEY ELEM",454,592,37,1295,1126,86.95,411,554,1334,966,72.41,"Clinton","Ossoff",43.4,42.59,-0.809999999999995
"DeKalb","MIDVALE ELEM",704,725,84,1828,1578,86.32,649,680,1906,1330,69.78,"Clinton","Ossoff",49.27,48.83,-0.440000000000005
"DeKalb","MIDVALE ROAD",591,1292,72,2437,2016,82.72,524,991,2617,1515,57.89,"Clinton","Ossoff",31.39,34.59,3.2
"DeKalb","MONTGOMERY ELEM",736,851,107,2072,1757,84.8,669,751,2182,1421,65.12,"Clinton","Ossoff",46.38,47.11,0.729999999999997
"DeKalb","MT. VERNON EAST",1048,769,84,2273,1969,86.63,1024,671,2397,1697,70.8,"Trump","Handel",57.68,60.41,2.73
"DeKalb","MT. VERNON WEST",792,764,74,1952,1685,86.32,729,698,2054,1428,69.52,"Trump","Handel",50.9,51.09,0.190000000000005
"DeKalb","NORTH PEACHTREE",334,701,54,1483,1113,75.05,270,516,1625,788,48.49,"Clinton","Ossoff",32.27,34.35,2.08
"DeKalb","OAKCLIFF ELEM",239,702,42,1452,1005,69.21,150,577,1677,730,43.53,"Clinton","Ossoff",25.4,20.63,-4.77
"DeKalb","PEACHTREE MIDDLE",591,1422,91,2774,2151,77.54,454,979,3020,1433,47.45,"Clinton","Ossoff",29.36,31.68,2.32
"DeKalb","PLEASANTDALE ROAD",329,1670,54,3192,2102,65.85,221,1024,3678,1245,33.85,"Clinton","Ossoff",16.46,17.75,1.29
"DeKalb","SILVER LAKE",1332,1565,140,3915,3139,80.18,988,1150,4336,2140,49.35,"Clinton","Ossoff",45.98,46.21,0.230000000000004
"DeKalb","SKYLAND",516,666,94,1582,1314,83.06,440,558,1679,999,59.5,"Clinton","Ossoff",43.65,44.09,0.440000000000005
"DeKalb","TILLY MILL ROAD",588,482,75,1363,1180,86.57,549,457,1430,1007,70.42,"Trump","Handel",54.95,54.57,-0.380000000000003
"DeKalb","TUCKER",871,1137,122,2611,2192,83.95,753,1041,2782,1796,64.56,"Clinton","Ossoff",43.38,41.97,-1.41
"DeKalb","TUCKER LIBRARY",546,1121,83,2245,1798,80.09,473,923,2420,1397,57.73,"Clinton","Ossoff",32.75,33.88,1.13
"DeKalb","WARREN TECH",260,524,31,1076,843,78.35,208,424,1162,632,54.39,"Clinton","Ossoff",33.16,32.91,-0.25
"DeKalb","WINTERS CHAPEL",486,512,57,1248,1084,86.86,462,454,1303,918,70.45,"Clinton","Handel",48.7,50.44,1.73999999999999
"Fulton","AP01A",732,587,44,1739,1393,80.1,619,457,1862,1076,57.79,"Trump","Handel",55.5,57.53,2.03
"Fulton","AP01B",203,247,30,685,492,71.82,123,167,729,290,39.78,"Clinton","Ossoff",45.11,42.41,-2.7
"Fulton","AP01C",831,655,84,1952,1608,82.38,693,532,2098,1227,58.48,"Trump","Handel",55.92,56.57,0.649999999999999
"Fulton","AP01D",222,293,29,713,554,77.7,159,198,792,357,45.08,"Clinton","Ossoff",43.11,44.54,1.43
"Fulton","AP021",1010,879,118,2491,2089,83.86,845,727,2707,1573,58.11,"Trump","Handel",53.47,53.75,0.280000000000001
"Fulton","AP022",677,706,77,1860,1490,80.11,494,594,2002,1090,54.45,"Clinton","Ossoff",48.95,45.4,-3.55
"Fulton","AP02B",122,109,7,352,246,69.89,89,92,377,181,48.01,"Trump","Ossoff",52.81,49.17,-3.64
"Fulton","AP03",96,298,12,619,417,67.37,52,184,694,236,34.01,"Clinton","Ossoff",24.37,22.03,-2.34
"Fulton","AP04A",731,439,59,1472,1252,85.05,638,397,1551,1035,66.73,"Trump","Handel",62.48,61.64,-0.839999999999996
"Fulton","AP04B",165,137,16,364,322,88.46,132,114,377,247,65.52,"Trump","Handel",54.64,53.66,-0.980000000000004
"Fulton","AP05",1793,1275,111,3956,3257,82.33,1499,991,4113,2490,60.54,"Trump","Handel",58.44,60.2,1.76000000000001
"Fulton","AP06",735,485,82,1647,1340,81.36,637,422,1744,1060,60.78,"Trump","Handel",60.25,60.15,-0.100000000000001
"Fulton","AP07A",1091,962,116,2853,2225,77.99,867,765,3053,1632,53.46,"Trump","Handel",53.14,53.12,-0.0200000000000031
"Fulton","AP07B",604,463,46,1353,1146,84.7,527,376,1466,903,61.6,"Trump","Handel",56.61,58.36,1.75
"Fulton","AP09A",1366,1324,135,3612,2914,80.68,1118,1039,3832,2158,56.32,"Trump","Handel",50.78,51.83,1.05
"Fulton","AP09B",224,300,20,681,562,82.53,177,263,760,440,57.89,"Clinton","Ossoff",42.75,40.23,-2.52
"Fulton","AP10",421,249,38,866,729,84.18,335,225,895,561,62.68,"Trump","Handel",62.84,59.82,-3.02
"Fulton","AP12A",141,257,15,548,420,76.64,108,174,586,282,48.12,"Clinton","Ossoff",35.43,38.3,2.87
"Fulton","AP12B",118,255,14,529,390,73.72,71,175,607,246,40.53,"Clinton","Ossoff",31.64,28.86,-2.78
"Fulton","AP12C",472,353,33,1116,874,78.32,389,287,1251,677,54.12,"Trump","Handel",57.21,57.54,0.329999999999998
"Fulton","AP13",915,838,55,2248,1847,82.16,654,638,2406,1293,53.74,"Trump","Handel",52.2,50.62,-1.58000000000001
"Fulton","AP14",1078,942,128,2643,2213,83.73,946,837,2795,1785,63.86,"Trump","Handel",53.37,53.06,-0.309999999999995
"Fulton","JC01",1322,1870,120,4228,3377,79.87,1017,1563,4541,2580,56.82,"Clinton","Ossoff",41.42,39.42,-2
"Fulton","JC02",697,722,35,1836,1477,80.45,485,522,2011,1007,50.07,"Clinton","Ossoff",49.12,48.16,-0.960000000000001
"Fulton","JC03A",199,196,17,473,421,89.01,164,160,498,324,65.06,"Trump","Handel",50.38,50.62,0.239999999999995
"Fulton","JC03B",373,549,38,1224,985,80.47,277,437,1288,714,55.43,"Clinton","Ossoff",40.46,38.8,-1.66
"Fulton","JC04A",1381,1410,151,3649,3043,83.39,1076,1196,3896,2273,58.34,"Clinton","Ossoff",49.48,47.36,-2.12
"Fulton","JC04B",74,91,9,230,178,77.39,50,65,250,115,46,"Clinton","Ossoff",44.85,43.48,-1.37
"Fulton","JC05",651,736,81,1864,1503,80.63,500,582,1989,1083,54.45,"Clinton","Ossoff",46.94,46.21,-0.729999999999997
"Fulton","JC06",1025,713,55,2350,1835,78.09,746,499,2485,1246,50.14,"Trump","Handel",58.98,59.92,0.940000000000005
"Fulton","JC07",1207,1390,107,3463,2762,79.76,961,1214,3792,2177,57.41,"Clinton","Ossoff",46.48,44.18,-2.3
"Fulton","JC08",964,872,110,2395,1989,83.05,766,760,2579,1529,59.29,"Trump","Handel",52.51,50.2,-2.31
"Fulton","JC09",806,1059,89,2502,1999,79.9,645,856,2695,1502,55.73,"Clinton","Ossoff",43.22,42.97,-0.25
"Fulton","JC10",619,800,69,1921,1524,79.33,484,667,2144,1151,53.68,"Clinton","Ossoff",43.62,42.05,-1.57
"Fulton","JC11",1224,897,77,2794,2278,81.53,997,741,2987,1739,58.22,"Trump","Handel",57.71,57.36,-0.350000000000001
"Fulton","JC12",1177,579,41,2197,1836,83.57,1061,467,2342,1531,65.37,"Trump","Handel",67.03,69.44,2.41
"Fulton","JC13A",1011,449,61,1898,1560,82.19,882,391,1996,1273,63.78,"Trump","Handel",69.25,69.29,0.0400000000000063
"Fulton","JC13B",153,38,9,259,210,81.08,134,30,261,164,62.84,"Trump","Handel",80.1,81.71,1.61
"Fulton","JC14",1000,708,60,2197,1825,83.07,816,577,2337,1393,59.61,"Trump","Handel",58.55,58.58,0.0300000000000011
"Fulton","JC15",202,294,29,676,535,79.14,148,252,725,400,55.17,"Clinton","Ossoff",40.73,37,-3.73
"Fulton","JC16",907,802,102,2195,1862,84.83,752,694,2349,1446,61.56,"Trump","Handel",53.07,52.01,-1.06
"Fulton","JC18",1100,791,100,2455,2049,83.46,979,702,2585,1681,65.03,"Trump","Handel",58.17,58.24,0.0700000000000003
"Fulton","JC19",1239,1251,143,3221,2701,83.86,1056,1051,3463,2107,60.84,"Clinton","Handel",49.76,50.12,0.359999999999999
"Fulton","ML011",985,627,87,2050,1740,84.88,830,564,2196,1394,63.48,"Trump","Handel",61.1,59.54,-1.56
"Fulton","ML012",232,103,12,430,352,81.86,241,102,452,343,75.88,"Trump","Handel",69.25,70.26,1.01000000000001
"Fulton","ML01B",37,19,3,70,60,85.71,39,23,102,62,60.78,"Trump","Handel",66.07,62.9,-3.16999999999999
"Fulton","ML021",938,300,65,1627,1331,81.81,786,239,1749,1025,58.6,"Trump","Handel",75.77,76.68,0.910000000000011
"Fulton","ML022",104,35,17,204,162,79.41,91,34,229,125,54.59,"Trump","Handel",74.82,72.8,-2.02
"Fulton","ML023",716,266,49,1281,1050,81.97,624,208,1385,832,60.07,"Trump","Handel",72.91,75,2.09
"Fulton","ML024",57,16,3,88,78,88.64,34,13,98,48,48.98,"Trump","Handel",78.08,72.34,-5.73999999999999
"Fulton","ML03",1799,755,131,3312,2755,83.18,1568,611,3498,2179,62.29,"Trump","Handel",70.44,71.96,1.52
"Fulton","ML04A",738,433,61,1528,1254,82.07,609,350,1640,960,58.54,"Trump","Handel",63.02,63.5,0.479999999999997
"Fulton","ML04B",571,250,36,1061,882,83.13,503,209,1130,712,63.01,"Trump","Handel",69.55,70.65,1.10000000000001
"Fulton","ML04C",52,18,1,74,72,97.3,33,15,70,48,68.57,"Trump","Handel",74.29,68.75,-5.54000000000001
"Fulton","ML05A",14,18,0,35,33,94.29,11,8,35,19,54.29,"Clinton","Handel",43.75,57.89,14.14
"Fulton","ML05B",185,84,4,329,279,84.8,145,69,348,214,61.49,"Trump","Handel",68.77,67.76,-1.00999999999999
"Fulton","ML05C",1414,1243,116,3503,2826,80.67,1126,959,3743,2087,55.76,"Trump","Handel",53.22,54,0.780000000000001
"Fulton","ML06A",367,687,46,1514,1132,74.77,201,463,1683,664,39.45,"Clinton","Ossoff",34.82,30.27,-4.55
"Fulton","ML06B",710,1032,92,2340,1875,80.13,506,773,2539,1280,50.41,"Clinton","Ossoff",40.76,39.56,-1.2
"Fulton","ML071",45,32,3,84,80,95.24,39,16,88,55,62.5,"Trump","Handel",58.44,70.91,12.47
"Fulton","ML072",546,220,30,952,818,85.92,427,193,1065,620,58.22,"Trump","Handel",71.28,68.87,-2.41
"Fulton","ML07A",330,139,21,615,505,82.11,266,120,655,386,58.93,"Trump","Handel",70.36,68.91,-1.45
"Fulton","MP01",151,161,20,408,339,83.09,139,154,437,293,67.05,"Clinton","Ossoff",48.4,47.44,-0.960000000000001
"Fulton","RW01",2034,1253,145,4176,3541,84.79,1801,1143,4438,2945,66.36,"Trump","Handel",61.88,61.18,-0.700000000000003
"Fulton","RW02",1450,1232,173,3443,2924,84.93,1305,1114,3643,2421,66.46,"Trump","Handel",54.06,53.95,-0.109999999999999
"Fulton","RW03",1189,1445,150,3605,2858,79.28,978,1126,4002,2107,52.65,"Clinton","Ossoff",45.14,46.48,1.34
"Fulton","RW04",674,599,86,1634,1396,85.43,629,600,1733,1230,70.98,"Trump","Handel",52.95,51.18,-1.77
"Fulton","RW05",424,710,72,1739,1233,70.9,285,552,1964,837,42.62,"Clinton","Ossoff",37.39,34.05,-3.34
"Fulton","RW06",921,936,104,2459,2025,82.35,780,817,2666,1597,59.9,"Clinton","Ossoff",49.6,48.84,-0.759999999999998
"Fulton","RW07A",111,532,40,1110,706,63.6,51,351,1306,403,30.86,"Clinton","Ossoff",17.26,12.69,-4.57
"Fulton","RW07B",63,170,11,317,252,79.5,47,119,355,166,46.76,"Clinton","Ossoff",27.04,28.31,1.27
"Fulton","RW08",960,527,78,1955,1618,82.76,864,459,2085,1324,63.5,"Trump","Handel",64.56,65.31,0.75
"Fulton","RW09",2761,1404,190,5303,4498,84.82,2490,1238,5615,3729,66.41,"Trump","Handel",66.29,66.79,0.5
"Fulton","RW10",1361,935,123,2944,2504,85.05,1284,819,3130,2103,67.19,"Trump","Handel",59.28,61.06,1.78
"Fulton","RW11A",819,830,105,2250,1810,80.44,680,706,2442,1388,56.84,"Clinton","Ossoff",49.67,49.06,-0.609999999999999
"Fulton","RW12",2555,1627,192,5256,4505,85.71,2250,1346,5543,3598,64.91,"Trump","Handel",61.1,62.57,1.47
"Fulton","RW13",1286,1061,158,3127,2592,82.89,1216,937,3354,2154,64.22,"Trump","Handel",54.79,56.48,1.69
"Fulton","RW16",747,560,54,1641,1381,84.16,664,465,1763,1130,64.1,"Trump","Handel",57.15,58.81,1.66
"Fulton","RW17",660,972,110,2351,1800,76.56,575,819,2576,1396,54.19,"Clinton","Ossoff",40.44,41.25,0.810000000000002
"Fulton","RW19",858,569,76,1834,1550,84.51,818,510,1910,1328,69.53,"Trump","Handel",60.13,61.6,1.47
"Fulton","RW20",1039,869,92,2224,2068,92.99,917,677,2349,1594,67.86,"Trump","Handel",54.45,57.53,3.08
"Fulton","RW21",1327,819,112,2833,2336,82.46,1233,637,3002,1870,62.29,"Trump","Handel",61.84,65.94,4.09999999999999
"Fulton","RW22A",940,1401,143,3384,2539,75.03,671,925,3826,1596,41.71,"Clinton","Ossoff",40.15,42.04,1.89
"Fulton","SS01",1278,852,90,2698,2276,84.36,1202,735,2809,1938,68.99,"Trump","Handel",60,62.05,2.05
"Fulton","SS02A",316,414,43,1017,801,78.76,262,347,1087,609,56.03,"Clinton","Ossoff",43.29,43.02,-0.269999999999996
"Fulton","SS02B",197,539,43,1049,797,75.98,141,400,1148,541,47.13,"Clinton","Ossoff",26.77,26.06,-0.710000000000001
"Fulton","SS03",430,492,61,1194,1015,85.01,370,408,1279,780,60.99,"Clinton","Ossoff",46.64,47.56,0.920000000000002
"Fulton","SS04",675,1225,113,2703,2071,76.62,541,906,2968,1450,48.85,"Clinton","Ossoff",35.53,37.39,1.86
"Fulton","SS05",657,652,66,1629,1428,87.66,627,581,1716,1209,70.45,"Trump","Handel",50.19,51.9,1.71
"Fulton","SS06",523,465,44,1203,1064,88.45,479,373,1264,852,67.41,"Trump","Handel",52.94,56.22,3.28
"Fulton","SS07A",361,265,29,821,678,82.58,293,231,848,524,61.79,"Trump","Handel",57.67,55.92,-1.75
"Fulton","SS07B",152,180,28,456,370,81.14,112,140,489,252,51.53,"Clinton","Ossoff",45.78,44.44,-1.34
"Fulton","SS07C",234,246,18,686,511,74.49,171,172,708,343,48.45,"Clinton","Ossoff",48.75,49.85,1.1
"Fulton","SS08A",266,502,39,1063,825,77.61,175,335,1181,510,43.18,"Clinton","Ossoff",34.64,34.31,-0.329999999999998
"Fulton","SS08B",210,210,18,566,447,78.98,191,172,617,363,58.83,"Trump","Handel",50,52.62,2.62
"Fulton","SS08C",133,230,21,509,394,77.41,85,180,563,265,47.07,"Clinton","Ossoff",36.64,32.08,-4.56
"Fulton","SS08D",280,431,36,1001,771,77.02,177,306,1131,484,42.79,"Clinton","Ossoff",39.38,36.65,-2.73
"Fulton","SS11A",914,1383,124,3165,2497,78.89,664,906,3455,1570,45.44,"Clinton","Ossoff",39.79,42.29,2.5
"Fulton","SS11B",224,489,42,1009,771,76.41,144,341,1117,485,43.42,"Clinton","Ossoff",31.42,29.69,-1.73
"Fulton","SS11C",33,117,6,222,158,71.17,16,62,235,78,33.19,"Clinton","Ossoff",22,20.51,-1.49
"Fulton","SS12",837,896,110,2290,1896,82.79,743,652,2472,1395,56.43,"Clinton","Handel",48.3,53.26,4.96
"Fulton","SS15A",198,974,71,2011,1271,63.2,112,578,2330,690,29.61,"Clinton","Ossoff",16.89,16.23,-0.66
"Fulton","SS15B",308,608,38,1318,972,73.75,219,433,1489,652,43.79,"Clinton","Ossoff",33.62,33.59,-0.029999999999994
"Fulton","SS16",834,655,75,1886,1618,85.79,808,557,1949,1367,70.14,"Trump","Handel",56.01,59.19,3.18
"Fulton","SS17",1169,1089,84,3028,2421,79.95,1023,802,3265,1826,55.93,"Trump","Handel",51.77,56.05,4.27999999999999
"Fulton","SS18A",247,226,15,578,503,87.02,216,203,605,419,69.26,"Trump","Handel",52.22,51.55,-0.670000000000002
"Fulton","SS18B",98,78,7,213,187,87.79,86,69,211,155,73.46,"Trump","Handel",55.68,55.48,-0.200000000000003
"Fulton","SS19A",447,1251,77,2527,1837,72.69,325,806,2774,1131,40.77,"Clinton","Ossoff",26.33,28.74,2.41
"Fulton","SS19B",334,909,68,1842,1352,73.4,293,604,1968,898,45.63,"Clinton","Ossoff",26.87,32.66,5.79
"Fulton","SS20",393,742,45,1639,1209,73.76,307,472,1822,779,42.76,"Clinton","Ossoff",34.63,39.41,4.77999999999999
"Fulton","SS22",655,983,55,2337,1735,74.24,557,665,2527,1222,48.36,"Clinton","Ossoff",39.99,45.58,5.59
"Fulton","SS25",622,453,47,1428,1170,81.93,570,320,1512,891,58.93,"Trump","Handel",57.86,64.04,6.18000000000001
"Fulton","SS26",332,1478,92,2850,1956,68.63,217,887,3148,1104,35.07,"Clinton","Ossoff",18.34,19.66,1.32
"Fulton","SS29A",681,966,86,2287,1777,77.7,566,700,2421,1267,52.33,"Clinton","Ossoff",41.35,44.71,3.36
"Fulton","SS31",333,382,22,925,749,80.97,284,307,973,591,60.74,"Clinton","Ossoff",46.57,48.05,1.48
